{
	"info": {
		"_postman_id": "36831979-9e46-42f9-b091-eebb57c08ae0",
		"name": "EjerciciosSpring",
		"schema": "https://schema.getpostman.com/json/collection/v2.1.0/collection.json",
		"_exporter_id": "34213799"
	},
	"item": [
		{
			"name": "Ejercicio1",
			"request": {
				"method": "GET",
				"header": []
			},
			"response": []
		},
		{
			"name": "Ejercicio2",
			"request": {
				"method": "POST",
				"header": []
			},
			"response": []
		},
		{
			"name": "Get Ejercicio3",
			"request": {
				"method": "GET",
				"header": []
			},
			"response": []
		},
		{
			"name": "Put Ejercicio3",
			"request": {
				"method": "PUT",
				"header": [
					{
						"key": "Accept",
						"value": "application/json",
						"type": "text"
					},
					{
						"key": "Content-Type",
						"value": "application/vnd.api+json",
						"type": "text"
					}
				]
			},
			"response": []
		}
	]
}